일자,종가,대비,등락률,시가,고가,저가,거래량,거래대금,상장시가총액
"2022/06/14","328.23","-1.65","-0.50","325.68","329.27","323.36","174251.0","7468386.0","1.712327467E9"
"2022/06/13","329.88","-12.01","-3.51","335.76","335.97","329.88","163806.0","7193816.0","1.71901404E9"
"2022/06/10","341.89","-4.73","-1.36","342.32","343.25","340.66","136208.0","6290154.0","1.781297885E9"
"2022/06/09","346.62","0.40","0.12","345.35","346.82","343.69","191392.0","8507880.0","1.788694206E9"
"2022/06/08","346.22","0.55","0.16","346.46","348.11","345.56","123302.0","6030966.0","1.787550056E9"
"2022/06/07","345.67","-6.34","-1.80","350.04","350.53","345.02","135312.0","6687789.0","1.787307752E9"
"2022/06/03","352.01","1.50","0.43","353.47","353.93","351.10","134647.0","4797510.0","1.818050042E9"
"2022/06/02","350.51","-4.03","-1.14","352.29","352.81","349.55","196091.0","5908010.0","1.80973654E9"
"2022/05/31","354.54","2.05","0.58","351.79","354.72","350.01","266678.0","1.1290598E7","1.82955764E9"
"2022/05/30","352.49","4.45","1.28","351.53","352.85","350.07","151013.0","5604147.0","1.818267472E9"
"2022/05/27","348.04","3.78","1.10","348.42","349.11","347.15","133073.0","5613543.0","1.79592625E9"
"2022/05/26","344.26","-1.34","-0.39","345.54","349.03","342.65","126445.0","6231122.0","1.778033119E9"
"2022/05/25","345.60","1.52","0.44","346.34","347.60","343.51","125140.0","5781991.0","1.781457275E9"
"2022/05/24","344.08","-6.26","-1.79","349.02","349.79","344.08","150997.0","5827623.0","1.773639723E9"
"2022/05/23","350.34","1.05","0.30","351.16","351.41","348.48","183165.0","5447158.0","1.802702685E9"
"2022/05/20","349.29","6.05","1.76","345.15","349.68","344.89","133214.0","6183574.0","1.796371713E9"
"2022/05/19","343.24","-5.10","-1.46","341.07","344.10","340.55","196527.0","6861035.0","1.762095924E9"
"2022/05/18","348.34","0.81","0.23","349.62","351.20","347.15","166291.0","6302360.0","1.785066967E9"
"2022/05/17","347.53","3.59","1.04","345.14","347.91","345.13","171094.0","6087751.0","1.781495288E9"
"2022/05/16","343.94","-1.56","-0.45","348.13","348.88","343.52","231878.0","5375347.0","1.764017013E9"
"2022/05/13","345.50","7.56","2.24","340.49","345.82","339.72","187356.0","7012461.0","1.771987159E9"
"2022/05/12","337.94","-5.50","-1.60","340.14","343.03","337.65","262824.0","8649961.0","1.733833628E9"
"2022/05/11","343.44","-0.23","-0.07","342.22","344.45","341.22","184519.0","5952741.0","1.761493744E9"
"2022/05/10","343.67","-1.74","-0.50","343.22","344.73","338.46","249371.0","7398734.0","1.764078536E9"
"2022/05/09","345.41","-3.59","-1.03","347.71","349.40","344.84","256537.0","5551147.0","1.773484903E9"
"2022/05/06","349.00","-4.85","-1.37","350.26","350.26","347.98","622951.0","7285813.0","1.793525654E9"
"2022/05/04","353.85","0.53","0.15","354.85","356.05","352.27","279177.0","5532838.0","1.816811993E9"
"2022/05/03","353.32","-0.70","-0.20","354.28","356.45","353.12","132700.0","5403830.0","1.817435062E9"
"2022/05/02","354.02","-1.06","-0.30","351.31","354.53","350.94","131469.0","5220941.0","1.82283614E9"
"2022/04/29","355.08","4.92","1.41","350.43","355.34","349.73","182271.0","8028489.0","1.829299899E9"
"2022/04/28","350.16","3.95","1.14","348.61","350.16","346.02","164684.0","7241408.0","1.809956634E9"
"2022/04/27","346.21","-4.46","-1.27","346.42","346.78","343.76","146757.0","7409740.0","1.783204756E9"
"2022/04/26","350.67","1.69","0.48","351.33","352.20","350.38","122917.0","6485161.0","1.803372292E9"
"2022/04/25","348.98","-6.45","-1.81","351.36","352.26","348.91","139466.0","6608118.0","1.795867516E9"
"2022/04/22","355.43","-3.59","-1.00","355.54","356.08","353.64","214762.0","6159964.0","1.827433108E9"
"2022/04/21","359.02","1.50","0.42","358.33","360.74","358.24","148565.0","6401492.0","1.844970562E9"
"2022/04/20","357.52","0.16","0.04","357.14","358.28","354.93","148873.0","6540304.0","1.837724929E9"
"2022/04/19","357.36","3.73","1.05","355.77","358.53","355.29","130216.0","5195568.0","1.838442841E9"
"2022/04/18","353.63","-0.21","-0.06","352.19","354.87","351.46","110996.0","4519324.0","1.820426361E9"
"2022/04/15","353.84","-3.54","-0.99","354.35","355.10","352.63","142643.0","5821099.0","1.822874443E9"
"2022/04/14","357.38","-1.62","-0.45","359.23","359.29","356.17","159155.0","7211760.0","1.839248844E9"
"2022/04/13","359.00","6.68","1.90","353.83","359.43","353.30","177428.0","6214853.0","1.840860236E9"
"2022/04/12","352.32","-3.46","-0.97","353.51","354.83","351.37","129717.0","5816118.0","1.804155241E9"
"2022/04/11","355.78","-0.23","-0.06","354.47","357.73","353.78","131523.0","5668334.0","1.822990829E9"
"2022/04/08","356.01","0.28","0.08","356.86","357.62","354.27","166112.0","6737531.0","1.827801408E9"
"2022/04/07","355.73","-5.28","-1.46","358.43","358.92","355.37","193937.0","7704972.0","1.825372577E9"
"2022/04/06","361.01","-3.73","-1.02","362.04","362.96","360.52","176510.0","6512786.0","1.853471585E9"
"2022/04/05","364.74","-0.20","-0.05","366.08","366.67","363.67","244226.0","5262759.0","1.871692833E9"
"2022/04/04","364.94","1.75","0.48","361.85","365.08","360.69","171554.0","5298140.0","1.870975556E9"
"2022/04/01","363.19","-2.42","-0.66","363.97","364.10","361.54","446848.0","7196628.0","1.859039329E9"
"2022/03/31","365.61","1.11","0.30","364.10","367.01","363.94","388609.0","6751915.0","1.873138068E9"
"2022/03/30","364.50","0.73","0.20","366.17","366.82","363.64","141644.0","6530661.0","1.866462149E9"
"2022/03/29","363.77","1.71","0.47","364.18","365.56","362.27","132695.0","6170287.0","1.861718201E9"
"2022/03/28","362.06","0.00","0.00","360.63","363.25","358.70","136535.0","5890584.0","1.852836072E9"
"2022/03/25","362.06","-1.32","-0.36","364.76","364.92","361.34","119075.0","6974695.0","1.852857742E9"
"2022/03/24","363.38","-1.46","-0.40","361.83","363.50","360.40","149348.0","8556924.0","1.852397836E9"
"2022/03/23","364.84","3.18","0.88","364.06","366.40","362.89","137431.0","7142403.0","1.857635512E9"
"2022/03/22","361.66","2.89","0.81","358.76","362.11","358.61","120703.0","6949402.0","1.840175574E9"
"2022/03/21","358.77","-3.56","-0.98","363.81","363.86","358.41","117142.0","6428429.0","1.823581214E9"
"2022/03/18","362.33","0.87","0.24","361.16","362.78","359.60","155321.0","8266735.0","1.839501204E9"
"2022/03/17","361.46","5.37","1.51","362.39","364.18","361.36","172536.0","9185665.0","1.831739211E9"
"2022/03/16","356.09","5.06","1.44","354.88","356.29","351.97","125093.0","6385894.0","1.806858811E9"
"2022/03/15","351.03","-3.58","-1.01","352.34","353.90","350.38","149108.0","7168564.0","1.780993021E9"
"2022/03/14","354.61","-0.70","-0.20","354.72","356.48","352.82","163912.0","8994583.0","1.798277936E9"
"2022/03/11","355.31","-2.70","-0.75","355.95","356.85","353.26","182548.0","9197994.0","1.807963615E9"
"2022/03/10","358.01","8.63","2.47","354.33","358.27","354.33","212652.0","1.0823571E7","1.72693939E9"
"2022/03/08","349.38","-3.65","-1.03","348.12","352.82","346.85","185898.0","8648190.0","1.686882087E9"
"2022/03/07","353.03","-8.66","-2.39","356.59","356.59","351.91","193155.0","8909049.0","1.704885496E9"
"2022/03/04","361.69","-5.37","-1.46","365.35","365.54","360.19","237190.0","8988127.0","1.745417118E9"
"2022/03/03","367.06","6.47","1.79","364.37","367.40","363.99","167177.0","7323913.0","1.766946323E9"
"2022/03/02","360.59","-0.95","-0.26","361.52","362.81","359.89","170944.0","7679437.0","1.737159499E9"
"2022/02/28","361.54","3.10","0.86","356.59","361.54","355.77","237318.0","9445530.0","1.740100659E9"
"2022/02/25","358.44","3.40","0.96","358.79","360.85","357.02","154973.0","7423041.0","1.724125156E9"
"2022/02/24","355.04","-9.40","-2.58","360.05","360.77","354.01","167277.0","8503343.0","1.706719822E9"
"2022/02/23","364.44","0.93","0.26","366.25","366.58","362.39","139928.0","6112152.0","1.750747112E9"
"2022/02/22","363.51","-4.78","-1.30","362.93","364.81","360.74","162876.0","6905186.0","1.74429591E9"
"2022/02/21","368.29","-0.26","-0.07","362.83","368.75","361.14","109544.0","5668991.0","1.766524332E9"
"2022/02/18","368.55","-1.00","-0.27","365.57","369.32","364.69","137053.0","6082517.0","1.766942185E9"
"2022/02/17","369.55","2.25","0.61","368.11","373.03","365.48","209731.0","8637742.0","1.768354823E9"
"2022/02/16","367.30","6.87","1.91","365.96","367.66","364.64","108436.0","5968406.0","1.757384592E9"
"2022/02/15","360.43","-2.55","-0.70","364.44","364.79","358.75","140833.0","6638805.0","1.72307395E9"
"2022/02/14","362.98","-5.63","-1.53","364.36","365.97","360.46","146972.0","6963340.0","1.737779889E9"
"2022/02/11","368.61","-2.96","-0.80","367.54","371.35","366.90","161469.0","8189120.0","1.762081934E9"
"2022/02/10","371.57","2.92","0.79","371.84","372.86","369.30","180488.0","9052187.0","1.779231619E9"
"2022/02/09","368.65","5.17","1.42","367.02","368.65","365.79","117910.0","6516035.0","1.767413618E9"
"2022/02/08","363.48","0.56","0.15","365.91","367.32","360.78","133106.0","7590982.0","1.745680038E9"
"2022/02/07","362.92","-3.42","-0.93","365.40","365.40","359.59","135534.0","7200576.0","1.741572163E9"
"2022/02/04","366.34","4.74","1.31","363.10","366.79","361.84","109788.0","6431977.0","1.757020811E9"
"2022/02/03","361.60","3.62","1.01","364.07","366.13","361.60","125482.0","7863881.0","1.73343917E9"
"2022/01/28","357.98","9.40","2.70","350.29","358.84","347.28","146976.0","9427050.0","1.713135465E9"
"2022/01/27","348.58","-12.25","-3.39","360.83","363.11","348.55","158318.0","9998445.0","1.668229299E9"
"2022/01/26","360.83","-1.56","-0.43","363.72","365.31","360.47","109343.0","6781555.0","1.729489463E9"
"2022/01/25","362.39","-8.91","-2.40","370.30","370.73","359.85","142181.0","8369863.0","1.737587255E9"
"2022/01/24","371.30","-4.78","-1.27","374.64","375.45","369.63","112640.0","6718748.0","1.78316953E9"
"2022/01/21","376.08","-4.31","-1.13","376.74","377.69","373.35","134237.0","8074616.0","1.807956134E9"
"2022/01/20","380.39","2.18","0.58","377.97","380.45","376.49","114099.0","6960682.0","1.825981937E9"
"2022/01/19","378.21","-2.80","-0.73","377.75","381.91","376.74","126170.0","7634914.0","1.813956759E9"
"2022/01/18","381.01","-2.80","-0.73","385.07","385.63","379.79","127939.0","7234304.0","1.827570813E9"
"2022/01/17","383.81","-3.64","-0.94","387.00","387.33","381.56","135818.0","7413659.0","1.843942986E9"
"2022/01/14","387.45","-5.55","-1.41","389.66","390.81","386.25","146048.0","8539783.0","1.864010699E9"
"2022/01/13","393.00","-1.66","-0.42","395.68","395.93","392.52","151714.0","8899436.0","1.891401067E9"
"2022/01/12","394.66","5.69","1.46","392.29","394.87","391.96","210106.0","8821315.0","1.898702517E9"
"2022/01/11","388.97","1.45","0.37","388.32","390.43","386.26","133429.0","7933719.0","1.869095805E9"
"2022/01/10","387.52","-3.33","-0.85","389.68","390.24","384.79","139103.0","8306218.0","1.866521471E9"
"2022/01/07","390.85","4.63","1.20","388.30","391.75","388.06","114277.0","8111558.0","1.884682126E9"
"2022/01/06","386.22","-4.17","-1.07","386.59","390.51","385.30","152387.0","9949713.0","1.862774877E9"
"2022/01/05","390.39","-5.01","-1.27","394.91","395.20","387.56","175489.0","1.1706292E7","1.883408943E9"
"2022/01/04","395.40","-0.11","-0.03","396.01","396.71","393.35","117161.0","7335075.0","1.908027275E9"
"2022/01/03","395.51","1.32","0.33","397.16","399.44","394.26","97581.0","5916888.0","1.909559749E9"
"2021/12/30","394.19","-2.53","-0.64","397.13","398.59","393.89","103887.0","6441432.0","1.902371491E9"
"2021/12/29","396.72","-4.49","-1.12","398.74","399.16","395.85","169048.0","8442540.0","1.91464039E9"
"2021/12/28","401.21","2.60","0.65","399.56","401.21","397.24","169712.0","9338598.0","1.93552146E9"
"2021/12/27","398.61","-1.92","-0.48","400.61","401.07","398.31","103636.0","5653275.0","1.920708427E9"
"2021/12/24","400.53","2.38","0.60","399.72","402.46","399.66","102503.0","6252102.0","1.9290705E9"
"2021/12/23","398.15","2.08","0.53","397.98","398.36","395.71","105282.0","6647241.0","1.919620421E9"
"2021/12/22","396.07","2.12","0.54","396.82","398.06","394.77","100313.0","6446064.0","1.910087957E9"
"2021/12/21","393.95","2.58","0.66","394.35","395.28","391.19","105998.0","6533208.0","1.904137929E9"
"2021/12/20","391.37","-7.59","-1.90","396.42","396.61","390.92","97270.0","6575366.0","1.895359388E9"
"2021/12/17","398.96","1.28","0.32","394.46","399.02","394.26","134698.0","8722582.0","1.932001853E9"
"2021/12/16","397.68","2.02","0.51","398.93","399.68","395.19","94126.0","6426262.0","1.924857651E9"
"2021/12/15","395.66","0.25","0.06","393.99","395.76","392.85","88943.0","5635111.0","1.912865663E9"
"2021/12/14","395.41","-1.86","-0.47","394.54","397.02","393.50","116496.0","6880161.0","1.911975148E9"
"2021/12/13","397.27","-0.70","-0.18","399.38","403.37","396.83","113328.0","6880591.0","1.921166797E9"
"2021/12/10","397.97","-3.16","-0.79","398.21","399.12","396.58","92722.0","6164416.0","1.926581978E9"
"2021/12/09","401.13","3.86","0.97","398.19","401.13","396.93","159054.0","1.0120064E7","1.900362233E9"
"2021/12/08","397.27","0.96","0.24","399.89","402.34","396.32","140133.0","8638328.0","1.882351537E9"
"2021/12/07","396.31","3.46","0.88","392.88","396.46","391.29","157041.0","7606788.0","1.875771536E9"
"2021/12/06","392.85","0.89","0.23","389.95","394.40","387.58","124901.0","7464588.0","1.861963794E9"
"2021/12/03","391.96","2.32","0.60","388.21","393.30","386.42","127840.0","8027937.0","1.858912489E9"
"2021/12/02","389.64","6.51","1.70","379.76","389.64","379.59","150989.0","9682851.0","1.846254226E9"
"2021/12/01","383.13","9.89","2.65","376.45","384.05","373.61","167599.0","9948057.0","1.81684793E9"
"2021/11/30","373.24","-8.39","-2.20","385.01","386.34","370.86","258522.0","1.5951427E7","1.775046319E9"
"2021/11/29","381.63","-3.44","-0.89","381.25","384.97","379.27","178593.0","9562235.0","1.805088538E9"
"2021/11/26","385.07","-6.86","-1.75","390.61","392.81","384.19","145771.0","8625604.0","1.831345767E9"
"2021/11/25","391.93","-3.47","-0.88","395.67","395.73","391.69","117213.0","6741120.0","1.859801461E9"
"2021/11/24","395.40","-1.04","-0.26","397.88","399.38","393.27","128293.0","7758092.0","1.873428557E9"
"2021/11/23","396.44","-2.63","-0.66","399.43","399.52","395.58","124509.0","8064805.0","1.877313574E9"
"2021/11/22","399.07","8.54","2.19","393.16","399.88","392.75","144701.0","9890188.0","1.889978598E9"
"2021/11/19","390.53","3.09","0.80","387.97","391.24","387.31","130759.0","7982879.0","1.857881245E9"
"2021/11/18","387.44","-2.00","-0.51","388.86","390.00","386.31","130466.0","7398204.0","1.840789632E9"
"2021/11/17","389.44","-4.63","-1.17","394.88","395.25","388.70","146333.0","8067206.0","1.851043924E9"
"2021/11/16","394.07","-0.29","-0.07","393.94","396.49","392.62","134392.0","8246106.0","1.873783343E9"
"2021/11/15","394.36","3.98","1.02","393.36","395.56","392.16","174939.0","8537190.0","1.872837902E9"
"2021/11/12","390.38","4.41","1.14","389.13","391.77","387.46","166337.0","9337284.0","1.853774691E9"
"2021/11/11","385.97","-0.27","-0.07","383.84","386.03","382.57","212910.0","1.1150759E7","1.828338042E9"
"2021/11/10","386.24","-4.12","-1.06","388.37","390.36","385.57","117561.0","6908341.0","1.8302202E9"
"2021/11/09","390.36","0.77","0.20","389.17","393.13","388.25","127585.0","7083503.0","1.849890497E9"
"2021/11/08","389.59","-0.27","-0.07","390.10","390.71","385.50","126069.0","7561869.0","1.845572097E9"
"2021/11/05","389.86","-1.68","-0.43","394.65","394.81","387.66","139113.0","8175681.0","1.850489637E9"
"2021/11/04","391.54","2.06","0.53","393.16","395.15","390.75","185411.0","1.0359146E7","1.859474434E9"
"2021/11/03","389.48","-5.34","-1.35","395.73","395.85","388.52","137222.0","6989418.0","1.849642174E9"
"2021/11/02","394.82","5.01","1.29","392.18","398.10","392.18","126752.0","7009440.0","1.874898767E9"
"2021/11/01","389.81","1.34","0.34","390.34","391.65","389.14","121440.0","6602017.0","1.852259821E9"
"2021/10/29","388.47","-5.42","-1.38","396.08","396.92","387.82","146473.0","8268182.0","1.846243549E9"
"2021/10/28","393.89","-1.59","-0.40","394.87","397.79","393.89","180655.0","9623792.0","1.872583762E9"
"2021/10/27","395.48","-3.59","-0.90","398.31","398.82","394.41","193851.0","7592190.0","1.882185904E9"
"2021/10/26","399.07","4.06","1.03","397.75","399.67","396.28","135399.0","6954036.0","1.897336624E9"
"2021/10/25","395.01","1.67","0.42","392.45","395.99","390.02","152056.0","7619707.0","1.878585769E9"
"2021/10/22","393.34","0.16","0.04","392.82","394.91","391.54","108299.0","6160691.0","1.86978505E9"
"2021/10/21","393.18","-0.56","-0.14","393.56","395.51","392.38","136386.0","7176123.0","1.870082912E9"
"2021/10/20","393.74","-1.67","-0.42","397.48","398.09","393.60","129247.0","7570788.0","1.873734296E9"
"2021/10/19","395.41","3.39","0.86","394.26","395.92","393.27","113851.0","6318251.0","1.884425281E9"
"2021/10/18","392.02","-1.17","-0.30","393.39","394.16","389.74","126680.0","6648535.0","1.869015134E9"
"2021/10/15","393.19","3.60","0.92","392.94","394.58","391.36","170785.0","8409156.0","1.874954741E9"
"2021/10/14","389.59","5.49","1.43","387.39","389.63","386.48","170131.0","9002329.0","1.85898178E9"
"2021/10/13","384.10","3.41","0.90","380.12","385.72","379.31","154270.0","8520630.0","1.831318717E9"
"2021/10/12","380.69","-6.73","-1.74","386.27","386.60","379.08","158572.0","9639747.0","1.814277186E9"
"2021/10/08","387.42","-0.72","-0.19","390.42","390.70","386.54","150217.0","8939922.0","1.841131846E9"
"2021/10/07","388.14","6.21","1.63","385.87","388.78","384.59","173712.0","9011318.0","1.844911043E9"
"2021/10/06","381.93","-6.08","-1.57","391.01","392.37","381.93","229529.0","1.1361351E7","1.814379627E9"
"2021/10/05","388.01","-6.78","-1.72","391.95","392.02","384.92","202464.0","1.1534065E7","1.846832025E9"
"2021/10/01","394.79","-6.51","-1.62","399.53","400.52","394.14","155625.0","8429867.0","1.882029349E9"
"2021/09/30","401.30","1.21","0.30","399.41","402.90","397.98","182825.0","1.0477258E7","1.912221259E9"
"2021/09/29","400.09","-6.11","-1.50","400.44","402.28","396.78","180585.0","1.0878594E7","1.90727194E9"
"2021/09/28","406.20","-4.77","-1.16","410.74","411.10","405.79","175591.0","1.0219088E7","1.932888116E9"
"2021/09/27","410.97","1.13","0.28","409.28","412.72","408.97","153145.0","8269103.0","1.955291879E9"
"2021/09/24","409.84","-0.62","-0.15","412.01","412.80","409.09","153819.0","8690314.0","1.94924041E9"
"2021/09/23","410.46","-0.53","-0.13","409.04","410.92","407.39","164545.0","9890972.0","1.951367523E9"
"2021/09/17","410.99","1.77","0.43","408.90","411.36","407.07","165788.0","9488969.0","1.956572852E9"
"2021/09/16","409.22","-3.63","-0.88","414.22","414.68","408.79","166060.0","8899436.0","1.950015699E9"
"2021/09/15","412.85","0.49","0.12","412.05","414.61","410.75","193193.0","9306534.0","1.967122388E9"
"2021/09/14","412.36","2.66","0.65","411.06","414.85","410.98","179782.0","1.1751359E7","1.963710612E9"
"2021/09/13","409.70","1.00","0.24","407.33","410.87","406.43","152910.0","9091011.0","1.950131892E9"
"2021/09/10","408.70","1.42","0.35","407.99","409.78","405.99","145028.0","9693995.0","1.947696696E9"
"2021/09/09","407.28","-7.26","-1.75","411.98","413.64","406.68","189641.0","1.216136E7","1.884557608E9"
"2021/09/08","414.54","-3.26","-0.78","416.35","417.62","413.34","182487.0","1.1652973E7","1.917065837E9"
"2021/09/07","417.80","-2.57","-0.61","419.85","419.88","416.28","134460.0","7267998.0","1.933747077E9"
"2021/09/06","420.37","1.15","0.27","418.99","420.74","417.85","151552.0","7650828.0","1.943139323E9"
"2021/09/03","419.22","3.33","0.80","417.67","419.78","416.40","147691.0","9043386.0","1.939239736E9"
"2021/09/02","415.89","-4.03","-0.96","419.19","420.20","414.99","146861.0","8446854.0","1.922883034E9"
"2021/09/01","419.92","0.13","0.03","419.17","421.31","417.16","151586.0","8969221.0","1.939527705E9"
"2021/08/31","419.79","8.29","2.01","411.69","419.90","409.67","170992.0","1.2495868E7","1.939907831E9"
"2021/08/30","411.50","1.26","0.31","414.15","414.85","410.04","145641.0","8034054.0","1.903337414E9"
"2021/08/27","410.24","-0.14","-0.03","408.63","411.79","406.81","132448.0","7960337.0","1.896787304E9"
"2021/08/26","410.38","-3.57","-0.86","414.49","415.74","409.79","174283.0","9351534.0","1.895952149E9"
"2021/08/25","413.95","1.47","0.36","414.01","416.03","410.63","176201.0","9375958.0","1.910426209E9"
"2021/08/24","412.48","7.90","1.95","408.47","412.94","408.26","165652.0","1.0073815E7","1.903831536E9"
"2021/08/23","404.58","3.80","0.95","404.32","407.82","401.63","166037.0","9602204.0","1.87255496E9"
"2021/08/20","400.78","-4.18","-1.03","406.64","408.35","399.18","197109.0","1.0570827E7","1.854823205E9"
"2021/08/19","404.96","-8.40","-2.03","410.84","412.93","404.91","192939.0","1.1034787E7","1.874519065E9"
"2021/08/18","413.36","2.05","0.50","410.92","415.38","408.46","184486.0","1.0338125E7","1.914671951E9"
"2021/08/17","411.31","-4.75","-1.14","415.50","417.23","410.31","207918.0","1.5534776E7","1.905064953E9"
"2021/08/13","416.06","-6.32","-1.50","421.38","422.04","413.64","221074.0","1.4427141E7","1.925109196E9"
"2021/08/12","422.38","-2.36","-0.56","423.17","425.53","421.42","251299.0","1.6010998E7","1.9509347E9"
"2021/08/11","424.74","-3.82","-0.89","427.16","428.88","424.30","170671.0","1.2988021E7","1.959576822E9"
"2021/08/10","428.56","-3.09","-0.72","433.01","433.11","427.28","174090.0","1.4009474E7","1.973998277E9"
"2021/08/09","431.65","-1.64","-0.38","431.57","433.16","430.05","140989.0","8075299.0","1.981026712E9"
"2021/08/06","433.29","-1.45","-0.33","434.85","436.61","432.27","143716.0","7835243.0","1.991276687E9"
"2021/08/05","434.74","-1.31","-0.30","436.46","437.85","434.24","267971.0","9015942.0","1.994949857E9"
"2021/08/04","436.05","6.07","1.41","431.60","436.71","430.16","166736.0","9511557.0","1.999436103E9"
"2021/08/03","429.98","3.19","0.75","426.65","429.98","426.42","151056.0","9352775.0","1.972447424E9"
"2021/08/02","426.79","2.88","0.68","426.29","426.85","422.86","117344.0","7694073.0","1.962009958E9"
"2021/07/30","423.91","-5.58","-1.30","428.12","428.21","423.91","143586.0","8864838.0","1.946959723E9"
"2021/07/29","429.49","0.34","0.08","430.58","431.19","428.18","112355.0","7186632.0","1.972910853E9"
"2021/07/28","429.15","0.93","0.22","427.30","429.71","425.34","132994.0","8264861.0","1.970384493E9"
"2021/07/27","428.22","0.75","0.18","430.14","431.15","427.89","142526.0","8030188.0","1.966711752E9"
"2021/07/26","427.47","-4.08","-0.95","433.14","433.28","427.46","146233.0","7822001.0","1.96207633E9"
"2021/07/23","431.55","0.17","0.04","431.75","433.23","430.27","173066.0","8879269.0","1.980809866E9"
"2021/07/22","431.38","5.38","1.26","428.75","431.93","428.65","182079.0","9222421.0","1.97944162E9"
"2021/07/21","426.00","-2.55","-0.60","430.99","431.29","425.82","212123.0","1.0220123E7","1.956944776E9"
"2021/07/20","428.55","-1.34","-0.31","427.14","428.78","425.99","163962.0","9736455.0","1.967586812E9"
"2021/07/19","429.89","-4.93","-1.13","432.25","432.25","428.94","152020.0","7371116.0","1.973865811E9"
"2021/07/16","434.82","-1.94","-0.44","436.24","436.24","432.85","149476.0","8707929.0","1.994822916E9"
"2021/07/15","436.76","3.19","0.74","434.24","436.85","433.12","152535.0","9160068.0","1.99801772E9"
"2021/07/14","433.57","-1.14","-0.26","434.47","434.57","431.75","147017.0","8511733.0","1.984746852E9"
"2021/07/13","434.71","3.43","0.80","432.39","435.21","432.36","148613.0","8208282.0","1.989275515E9"
"2021/07/12","431.28","3.44","0.80","429.33","432.02","429.30","134960.0","7201832.0","1.974337499E9"
"2021/07/09","427.84","-4.79","-1.11","431.64","431.65","424.26","238816.0","1.2150496E7","1.957362576E9"
"2021/07/08","432.63","-4.34","-0.99","437.20","438.56","432.60","216935.0","1.1358363E7","1.978425607E9"
"2021/07/07","436.97","-2.53","-0.58","439.29","439.29","435.78","178316.0","1.006626E7","1.997175857E9"
"2021/07/06","439.50","1.84","0.42","437.96","440.68","437.96","194159.0","9717769.0","2.009341406E9"
"2021/07/05","437.66","1.66","0.38","436.53","438.92","436.53","180180.0","1.0272028E7","2.002188227E9"
"2021/07/02","436.00","-0.34","-0.08","436.31","438.07","435.54","197297.0","9079435.0","1.994139725E9"
"2021/07/01","436.34","-2.50","-0.57","439.01","439.26","435.80","172563.0","1.1180646E7","1.994562787E9"
"2021/06/30","438.84","1.30","0.30","437.76","440.40","437.70","167362.0","9742304.0","2.004463421E9"
"2021/06/29","437.54","-2.44","-0.55","440.48","440.60","436.17","231753.0","1.0830217E7","1.998549193E9"
"2021/06/28","439.98","-0.42","-0.10","440.78","441.54","438.55","237759.0","9581616.0","2.008244932E9"
"2021/06/25","440.40","2.02","0.46","438.76","442.31","438.75","367173.0","1.3641077E7","2.010647147E9"
"2021/06/24","438.38","1.65","0.38","437.54","439.37","436.96","299670.0","1.4757591E7","2.00065431E9"
"2021/06/23","436.73","2.31","0.53","434.65","437.37","434.62","372077.0","1.2948629E7","1.994448114E9"
"2021/06/22","434.42","2.96","0.69","432.10","435.05","432.10","483816.0","1.068889E7","1.984024285E9"
"2021/06/21","431.46","-3.56","-0.82","434.57","434.57","429.52","242429.0","1.1226809E7","1.969491552E9"
"2021/06/18","435.02","0.29","0.07","434.82","436.69","434.39","230152.0","1.1858388E7","1.985283082E9"
"2021/06/17","434.73","-2.23","-0.51","436.61","436.63","432.78","200549.0","9788610.0","1.984305927E9"
"2021/06/16","436.96","2.83","0.65","434.19","437.47","433.88","306886.0","1.0148697E7","1.993180584E9"
"2021/06/15","434.13","0.91","0.21","433.41","434.99","432.48","336106.0","9806556.0","1.980939128E9"
"2021/06/14","433.22","0.44","0.10","432.70","433.59","431.28","236259.0","9678116.0","1.977360018E9"
"2021/06/11","432.78","3.43","0.80","429.61","433.42","429.61","328904.0","1.2612282E7","1.975339654E9"
"2021/06/10","429.35","1.19","0.28","428.23","430.87","427.50","267081.0","1.3607412E7","1.934875995E9"
"2021/06/09","428.16","-4.72","-1.09","432.35","432.53","428.16","248515.0","1.0987122E7","1.929072612E9"
"2021/06/08","432.88","-0.38","-0.09","433.21","435.02","431.71","323675.0","1.247413E7","1.9495874E9"
"2021/06/07","433.26","1.04","0.24","432.82","435.77","430.76","337934.0","1.2984086E7","1.95196032E9"
"2021/06/04","432.22","-1.65","-0.38","433.70","433.70","429.33","290325.0","1.1052572E7","1.944749758E9"
"2021/06/03","433.87","3.72","0.86","430.20","435.60","430.20","219810.0","1.0892833E7","1.950218424E9"
"2021/06/02","430.15","-0.17","-0.04","430.60","433.06","429.14","292515.0","1.1964642E7","1.935422602E9"
"2021/06/01","430.32","2.41","0.56","428.08","432.18","426.94","225690.0","9725597.0","1.935382434E9"
"2021/05/31","427.91","1.96","0.46","426.31","428.18","424.29","230910.0","1.0006287E7","1.924712201E9"
"2021/05/28","425.95","2.95","0.70","423.88","427.51","423.58","203179.0","9902133.0","1.915906075E9"
"2021/05/27","423.00","-0.54","-0.13","423.92","424.38","419.78","311199.0","1.7138032E7","1.90141939E9"
"2021/05/26","423.54","-0.81","-0.19","424.46","426.05","422.55","199314.0","9665219.0","1.909493233E9"
"2021/05/25","424.35","3.78","0.90","421.91","424.83","421.20","176016.0","8660744.0","1.912731373E9"
"2021/05/24","420.57","-1.51","-0.36","421.92","423.09","419.38","177689.0","8625369.0","1.896088965E9"
"2021/05/21","422.08","0.40","0.09","423.12","427.75","420.70","196317.0","1.0992306E7","1.902388111E9"
"2021/05/20","421.68","-1.41","-0.33","423.38","423.38","419.07","181884.0","9723746.0","1.906553739E9"
"2021/05/18","423.09","4.82","1.15","418.28","423.93","418.28","174860.0","9051966.0","1.913355055E9"
"2021/05/17","418.27","-1.90","-0.45","421.97","423.19","416.08","206999.0","9866527.0","1.889863422E9"
"2021/05/14","420.17","4.10","0.99","417.50","421.75","417.50","199291.0","1.0582348E7","1.901015496E9"
"2021/05/13","416.07","-5.79","-1.37","419.60","421.07","414.28","379123.0","1.6458492E7","1.880749767E9"
"2021/05/12","421.86","-6.91","-1.61","428.74","428.96","419.11","295194.0","1.6088263E7","1.907436995E9"
"2021/05/11","428.77","-6.86","-1.57","434.14","434.14","427.21","301804.0","1.4615317E7","1.935987924E9"
"2021/05/10","435.63","7.07","1.65","429.04","436.73","429.04","255443.0","1.2467624E7","1.963052886E9"
"2021/05/07","428.56","1.92","0.45","426.51","429.94","426.00","229120.0","1.0158256E7","1.930799448E9"
"2021/05/06","426.64","3.07","0.72","423.62","426.64","421.25","313801.0","1.1980497E7","1.920537335E9"
"2021/05/04","423.57","3.21","0.76","420.99","423.57","418.53","208973.0","1.0377131E7","1.902922467E9"
"2021/05/03","420.36","-2.00","-0.47","422.54","426.30","419.30","234400.0","1.1551573E7","1.889976777E9"
"2021/04/30","422.36","-3.92","-0.92","426.61","426.83","421.73","255787.0","1.2496987E7","1.902858953E9"
"2021/04/29","426.28","-1.20","-0.28","428.07","430.14","424.83","231946.0","1.2923595E7","1.920399184E9"
"2021/04/28","427.48","-4.66","-1.08","432.20","432.82","426.88","261384.0","1.2592096E7","1.924517664E9"
"2021/04/27","432.14","-0.22","-0.05","432.46","433.43","430.36","216228.0","1.1490681E7","1.945093224E9"
"2021/04/26","432.36","4.02","0.94","428.89","432.36","428.68","244075.0","1.0646666E7","1.947000351E9"
"2021/04/23","428.34","0.97","0.23","426.68","428.87","422.92","215678.0","9954868.0","1.927947248E9"
"2021/04/22","427.37","0.62","0.15","427.06","430.44","427.06","202883.0","9565100.0","1.923308697E9"
"2021/04/21","426.75","-7.85","-1.81","433.40","433.47","425.93","187757.0","1.1486754E7","1.919857356E9"
"2021/04/20","434.60","2.64","0.61","431.90","434.70","431.38","185746.0","9183045.0","1.953313915E9"
"2021/04/19","431.96","-0.47","-0.11","432.74","434.28","431.16","172933.0","1.0175955E7","1.940737926E9"
"2021/04/16","432.43","-0.23","-0.05","432.43","434.57","430.98","188082.0","1.0899172E7","1.941933404E9"
"2021/04/15","432.66","1.95","0.45","430.41","434.40","430.39","189531.0","1.2617685E7","1.941021499E9"
"2021/04/14","430.71","1.63","0.38","429.14","431.65","428.04","154421.0","9494312.0","1.931886414E9"
"2021/04/13","429.08","4.86","1.15","424.40","429.84","423.89","162002.0","1.0015407E7","1.92295318E9"
"2021/04/12","424.22","-0.08","-0.02","424.73","426.62","423.10","134969.0","8535655.0","1.901268631E9"
"2021/04/09","424.30","-2.56","-0.60","427.26","428.65","423.33","166987.0","9038742.0","1.899531413E9"
"2021/04/08","426.86","0.16","0.04","426.73","427.32","424.36","221927.0","1.0544195E7","1.90852421E9"
"2021/04/07","426.70","0.82","0.19","426.22","428.38","424.96","176731.0","8793807.0","1.906603054E9"
"2021/04/06","425.88","1.03","0.24","425.18","427.68","423.35","162958.0","9699835.0","1.901236685E9"
"2021/04/05","424.85","1.11","0.26","425.15","426.31","422.16","157714.0","8561528.0","1.897486429E9"
"2021/04/02","423.74","4.32","1.03","422.19","425.13","422.02","163071.0","9780194.0","1.893385388E9"
"2021/04/01","419.42","4.38","1.06","416.99","419.78","416.51","184613.0","1.0140388E7","1.876110026E9"
"2021/03/31","415.04","-1.57","-0.38","417.12","420.18","415.04","225861.0","9775055.0","1.858842104E9"
"2021/03/30","416.61","4.56","1.11","412.32","417.44","412.32","207511.0","9833343.0","1.865182018E9"
"2021/03/29","412.05","-0.84","-0.20","413.90","414.72","410.45","312524.0","1.1928905E7","1.843875174E9"
"2021/03/26","412.89","4.36","1.07","409.16","413.04","409.13","305215.0","1.2060922E7","1.846509126E9"
"2021/03/25","408.53","1.43","0.35","407.03","411.27","405.59","180929.0","9180878.0","1.826087825E9"
"2021/03/24","407.10","-1.61","-0.39","407.32","408.76","404.03","193068.0","8894279.0","1.818758748E9"
"2021/03/23","408.71","-3.93","-0.95","412.89","416.15","408.40","234500.0","1.0738946E7","1.820471222E9"
"2021/03/22","412.64","-0.27","-0.07","412.92","414.48","410.27","270009.0","9570716.0","1.838792137E9"
"2021/03/19","412.91","-4.15","-1.00","416.70","416.71","410.59","189022.0","1.0251878E7","1.83988393E9"
"2021/03/18","417.06","3.05","0.74","414.97","420.86","414.97","164055.0","1.0708189E7","1.857822277E9"
"2021/03/17","414.01","-3.30","-0.79","417.35","417.67","411.32","132772.0","9538639.0","1.844578617E9"
"2021/03/16","417.31","3.13","0.76","414.82","418.06","414.11","155155.0","9139882.0","1.858498974E9"
"2021/03/15","414.18","-1.95","-0.47","416.58","417.69","413.61","161313.0","8170211.0","1.846074604E9"
"2021/03/12","416.13","5.11","1.24","413.67","417.76","413.67","184655.0","9215291.0","1.854014903E9"
"2021/03/11","411.02","7.54","1.87","404.36","413.24","404.36","231925.0","1.204661E7","1.829208372E9"
"2021/03/10","403.48","-2.31","-0.57","406.37","411.22","402.37","172527.0","1.048047E7","1.794975277E9"
"2021/03/09","405.79","-2.55","-0.62","407.33","408.83","399.37","313261.0","1.4237793E7","1.805614744E9"
"2021/03/08","408.34","-3.66","-0.89","412.86","416.37","407.60","216888.0","1.0571239E7","1.817595162E9"
"2021/03/05","412.00","-2.17","-0.52","413.32","413.78","405.93","293666.0","1.2688487E7","1.835900255E9"
"2021/03/04","414.17","-6.10","-1.45","419.34","419.34","411.28","214045.0","1.2508719E7","1.845424379E9"
"2021/03/03","420.27","5.47","1.32","414.45","420.27","412.40","198308.0","1.072112E7","1.871541767E9"
"2021/03/02","414.80","4.89","1.19","411.00","422.41","411.00","229887.0","1.4775745E7","1.847454776E9"
"2021/02/26","409.91","-12.61","-2.98","421.19","421.19","406.59","297499.0","1.7563746E7","1.827208161E9"
"2021/02/25","422.52","15.36","3.77","412.05","422.56","412.05","200315.0","1.2834482E7","1.882511816E9"
"2021/02/24","407.16","-8.66","-2.08","415.78","420.05","406.86","252632.0","1.6032722E7","1.81663446E9"
"2021/02/23","415.82","-1.06","-0.25","415.07","419.58","410.84","228355.0","1.2888971E7","1.861183817E9"
"2021/02/22","416.88","-4.06","-0.96","421.96","425.90","416.80","272967.0","1.3439639E7","1.866296351E9"
"2021/02/19","420.94","3.50","0.84","417.98","421.36","411.58","246866.0","1.2696495E7","1.883818185E9"
"2021/02/18","417.44","-6.76","-1.59","423.92","425.38","417.44","181374.0","1.1247156E7","1.868915712E9"
"2021/02/17","424.20","-5.04","-1.17","429.20","429.24","421.77","230412.0","1.1314339E7","1.898443993E9"
"2021/02/16","429.24","2.23","0.52","427.80","432.25","426.73","176073.0","1.1414532E7","1.918881359E9"
"2021/02/15","427.01","7.36","1.75","420.85","428.64","420.60","191242.0","1.2793708E7","1.909248674E9"
"2021/02/10","419.65","1.74","0.42","418.40","421.48","414.77","184757.0","1.3044074E7","1.880248204E9"
"2021/02/09","417.91","-1.04","-0.25","420.71","424.94","417.87","201527.0","1.3028304E7","1.870819516E9"
"2021/02/08","418.95","-4.35","-1.03","422.30","424.62","418.37","229541.0","1.479918E7","1.874954584E9"
"2021/02/05","423.30","4.99","1.19","419.84","424.20","417.85","221560.0","1.4279826E7","1.895801375E9"
"2021/02/04","418.31","-6.90","-1.62","425.92","426.23","415.58","263572.0","1.5763961E7","1.874714428E9"
"2021/02/03","425.21","4.18","0.99","422.69","427.51","419.75","248282.0","1.7682009E7","1.902626559E9"
"2021/02/02","421.03","5.58","1.34","416.77","427.63","416.77","219044.0","1.4870545E7","1.880734478E9"
"2021/02/01","415.45","10.89","2.69","404.71","415.53","400.59","235012.0","1.6507132E7","1.856010014E9"
"2021/01/29","404.56","-11.84","-2.84","417.92","421.05","402.94","305297.0","1.9988783E7","1.806590481E9"
"2021/01/28","416.40","-7.27","-1.72","422.92","422.92","413.34","242941.0","1.7045041E7","1.862131126E9"
"2021/01/27","423.67","-3.06","-0.72","427.11","432.62","423.23","205609.0","1.5862485E7","1.894408306E9"
"2021/01/26","426.73","-10.57","-2.42","436.27","437.19","425.64","236601.0","1.7683991E7","1.905216413E9"
"2021/01/25","437.30","10.17","2.38","427.64","437.96","427.17","231211.0","1.5579793E7","1.946841161E9"
"2021/01/22","427.13","-3.14","-0.73","430.73","433.84","427.13","269257.0","1.9087642E7","1.906677285E9"
"2021/01/21","430.27","6.26","1.48","425.29","431.05","424.64","302482.0","1.9221376E7","1.919753456E9"
"2021/01/20","424.01","2.66","0.63","425.17","429.39","419.27","259502.0","1.8866564E7","1.890817927E9"
"2021/01/19","421.35","10.85","2.64","410.21","423.82","409.67","259934.0","1.7238118E7","1.877750837E9"
"2021/01/18","410.50","-9.93","-2.36","419.70","419.70","408.69","289243.0","1.7355191E7","1.82925713E9"
"2021/01/15","420.43","-9.42","-2.19","430.37","436.35","420.33","279521.0","1.7436391E7","1.873887676E9"
"2021/01/14","429.85","-0.53","-0.12","430.43","431.54","427.13","284702.0","1.8495731E7","1.914187535E9"
"2021/01/13","430.38","2.51","0.59","427.98","433.27","424.97","303667.0","1.9059128E7","1.914300756E9"
"2021/01/12","427.87","-3.26","-0.76","430.80","432.04","416.29","362365.0","2.4623958E7","1.901278805E9"
"2021/01/11","431.13","0.91","0.21","431.69","449.04","424.16","545782.0","3.7379964E7","1.9165232E9"
"2021/01/08","430.22","19.41","4.72","412.06","431.99","412.06","499112.0","3.4756755E7","1.916277932E9"
"2021/01/07","410.81","8.73","2.17","404.00","414.65","403.99","460332.0","2.0865124E7","1.836630326E9"
"2021/01/06","402.08","-3.95","-0.97","406.33","411.21","401.06","429077.0","2.2700275E7","1.796879692E9"
"2021/01/05","406.03","6.15","1.54","399.79","406.03","396.43","470869.0","2.0755374E7","1.812771677E9"
"2021/01/04","399.88","10.59","2.72","389.50","400.78","388.88","361887.0","2.082837E7","1.784090577E9"
"2020/12/30","389.29","8.02","2.10","381.21","390.04","379.14","236858.0","1.2816206E7","1.738774271E9"
"2020/12/29","381.27","1.34","0.35","380.34","382.31","377.04","234719.0","1.4627035E7","1.705453056E9"
"2020/12/28","379.93","0.75","0.20","381.51","383.84","378.44","304329.0","1.8207123E7","1.699961888E9"
"2020/12/24","379.18","7.86","2.12","371.67","380.29","371.67","314369.0","1.4405606E7","1.697501366E9"
"2020/12/23","371.32","4.89","1.33","367.02","371.93","364.72","296022.0","1.4355361E7","1.665117674E9"
"2020/12/22","366.43","-5.75","-1.54","371.08","371.91","366.43","291110.0","1.2339657E7","1.646357318E9"
"2020/12/21","372.18","0.63","0.17","371.51","372.44","368.05","252573.0","1.2596264E7","1.672408687E9"
"2020/12/18","371.55","-0.45","-0.12","372.02","373.37","370.50","307534.0","1.3610228E7","1.669171929E9"
"2020/12/17","372.00","-0.53","-0.14","372.12","372.60","368.07","244580.0","1.1574245E7","1.669449884E9"
"2020/12/16","372.53","1.65","0.44","371.86","374.53","371.03","188952.0","8941285.0","1.670662807E9"
"2020/12/15","370.88","-0.68","-0.18","371.75","372.64","367.70","243332.0","1.0755575E7","1.661926022E9"
"2020/12/14","371.56","-0.68","-0.18","372.14","374.72","370.50","284473.0","1.2239049E7","1.665692228E9"
"2020/12/11","372.24","2.87","0.78","370.45","374.30","370.39","331020.0","1.4477293E7","1.670413957E9"
"2020/12/10","369.37","-2.10","-0.57","370.74","372.68","365.76","344586.0","1.5318298E7","1.629800503E9"
"2020/12/09","371.47","8.02","2.21","363.77","371.64","363.77","191953.0","1.0915023E7","1.63686299E9"
"2020/12/08","363.45","-6.41","-1.73","369.73","370.11","363.41","192367.0","1.1695797E7","1.603465867E9"
"2020/12/07","369.86","2.23","0.61","368.59","371.51","365.32","221801.0","1.2499141E7","1.632114874E9"
"2020/12/04","367.63","5.97","1.65","363.28","369.67","363.23","281110.0","1.3986331E7","1.622342998E9"
"2020/12/03","361.66","3.00","0.84","360.36","361.66","358.45","206858.0","1.0512513E7","1.598407529E9"
"2020/12/02","358.66","6.26","1.78","354.33","359.15","354.00","220902.0","1.0335625E7","1.585057467E9"
"2020/12/01","352.40","6.35","1.83","349.37","353.26","349.07","260004.0","9835985.0","1.560284803E9"
"2020/11/30","346.05","-6.68","-1.89","354.70","354.78","346.05","339063.0","1.5374367E7","1.533851415E9"
"2020/11/27","352.73","0.61","0.17","351.83","353.19","350.63","178419.0","8012487.0","1.56209494E9"
"2020/11/26","352.12","3.82","1.10","348.66","352.12","346.77","182185.0","8889576.0","1.558459205E9"
"2020/11/25","348.30","-1.98","-0.57","353.05","353.96","346.17","333143.0","1.628781E7","1.543894329E9"
"2020/11/24","350.28","1.82","0.52","350.30","352.55","348.61","295437.0","1.1301918E7","1.552569851E9"
"2020/11/23","348.46","7.84","2.30","341.51","348.94","340.60","380837.0","9707925.0","1.543868428E9"
"2020/11/20","340.62","0.46","0.14","339.48","341.71","338.59","179112.0","7109239.0","1.512325703E9"
"2020/11/19","340.16","0.20","0.06","338.56","340.42","337.51","215097.0","7837610.0","1.50993851E9"
"2020/11/18","339.96","0.11","0.03","341.07","341.81","338.64","231637.0","9469840.0","1.508836082E9"
"2020/11/17","339.85","-0.78","-0.23","340.84","342.57","339.06","403202.0","1.2286303E7","1.505152804E9"
"2020/11/16","340.63","7.60","2.28","335.20","341.15","335.20","465749.0","1.3932939E7","1.506968911E9"
"2020/11/13","333.03","3.31","1.00","329.09","333.15","328.25","291359.0","1.0272475E7","1.476983488E9"
"2020/11/12","329.72","-1.40","-0.42","330.57","331.58","328.46","342299.0","1.0251033E7","1.465596883E9"
"2020/11/11","331.12","4.99","1.53","327.04","331.46","327.01","323227.0","1.2515764E7","1.472010868E9"
"2020/11/10","326.13","0.30","0.09","326.33","327.00","323.79","331188.0","1.2290588E7","1.450170462E9"
"2020/11/09","325.83","3.73","1.16","325.25","328.02","324.51","276825.0","9841508.0","1.44778076E9"
"2020/11/06","322.10","0.59","0.18","322.72","324.28","320.61","143962.0","8586861.0","1.431027829E9"
"2020/11/05","321.51","7.68","2.45","315.74","321.51","315.27","186088.0","9471767.0","1.4290781E9"
"2020/11/04","313.83","1.76","0.56","314.31","315.62","311.37","212323.0","1.0727048E7","1.39466654E9"
"2020/11/03","312.07","6.12","2.00","308.14","312.35","308.01","129004.0","7147768.0","1.385174161E9"
"2020/11/02","305.95","4.35","1.44","302.67","306.43","301.37","111035.0","5394313.0","1.358980295E9"
"2020/10/30","301.60","-8.34","-2.69","308.91","309.08","301.58","178915.0","8542348.0","1.339501423E9"
"2020/10/29","309.94","-3.23","-1.03","308.99","310.56","306.63","139038.0","7017690.0","1.375395985E9"
"2020/10/28","313.17","1.37","0.44","310.66","313.30","309.44","120214.0","5554841.0","1.387240936E9"
"2020/10/27","311.80","-1.73","-0.55","311.50","313.93","310.55","162315.0","8142700.0","1.380792995E9"
"2020/10/26","313.53","-1.26","-0.40","315.63","316.78","313.33","170880.0","8144190.0","1.388209621E9"
"2020/10/23","314.79","1.02","0.33","314.98","315.83","312.31","198024.0","6317025.0","1.394700063E9"
"2020/10/22","313.77","-1.99","-0.63","313.62","314.29","311.55","140732.0","6207722.0","1.391326739E9"
"2020/10/21","315.76","1.05","0.33","315.34","316.61","314.16","136810.0","6163365.0","1.40074543E9"
"2020/10/20","314.71","2.12","0.68","311.02","314.91","309.95","135684.0","8158322.0","1.394580256E9"
"2020/10/19","312.59","0.76","0.24","313.43","314.94","312.19","138223.0","6282963.0","1.385247061E9"
"2020/10/16","311.83","-2.09","-0.67","314.41","315.47","309.67","126441.0","6249578.0","1.382051659E9"
"2020/10/15","313.92","-2.65","-0.84","315.76","315.89","312.40","124410.0","6366831.0","1.390985779E9"
"2020/10/14","316.57","-3.01","-0.94","319.60","319.88","315.71","129342.0","6719034.0","1.40226459E9"
"2020/10/13","319.58","0.43","0.13","321.04","321.45","316.98","126741.0","6568610.0","1.416149972E9"
"2020/10/12","319.15","1.68","0.53","318.99","320.01","317.67","140937.0","6923382.0","1.415555216E9"
"2020/10/08","317.47","0.12","0.04","320.31","320.38","316.60","168693.0","8471910.0","1.408458233E9"
"2020/10/07","317.35","2.90","0.92","312.34","317.44","311.82","124430.0","5273800.0","1.406655024E9"
"2020/10/06","314.45","0.94","0.30","315.13","316.48","313.03","139895.0","6411878.0","1.393780357E9"
"2020/10/05","313.51","4.07","1.32","309.65","314.66","309.09","157986.0","7120643.0","1.389194562E9"
"2020/09/29","309.44","2.41","0.78","310.01","311.34","308.52","138815.0","6077609.0","1.3718254E9"
"2020/09/28","307.03","3.46","1.14","306.49","308.34","304.64","173178.0","5702613.0","1.360111243E9"
"2020/09/25","303.57","1.09","0.36","305.38","305.55","301.93","156860.0","6278135.0","1.34356262E9"
"2020/09/24","302.48","-7.16","-2.31","304.85","306.98","301.95","181246.0","8380405.0","1.339007243E9"
"2020/09/23","309.64","0.82","0.27","311.50","311.76","303.29","208052.0","8990421.0","1.372780643E9"
"2020/09/22","308.82","-7.07","-2.24","315.53","316.02","307.40","304359.0","9911269.0","1.372106087E9"
"2020/09/21","315.89","-2.50","-0.79","318.13","320.86","314.78","165855.0","8253844.0","1.405511016E9"
"2020/09/18","318.39","0.39","0.12","319.20","319.81","316.62","153536.0","8448223.0","1.417806687E9"
"2020/09/17","318.00","-4.31","-1.34","321.30","322.23","316.92","178304.0","1.0390106E7","1.415816012E9"
"2020/09/16","322.31","-1.05","-0.32","323.14","324.19","321.52","146879.0","7418882.0","1.433766906E9"
"2020/09/15","323.36","2.38","0.74","321.82","323.57","320.54","152450.0","7595470.0","1.438152771E9"
"2020/09/14","320.98","4.53","1.43","319.83","321.22","318.54","176783.0","7713185.0","1.428651925E9"
"2020/09/11","316.45","-0.08","-0.03","315.64","316.77","313.20","165157.0","7088267.0","1.409480271E9"
"2020/09/10","316.53","2.76","0.88","317.92","318.38","315.46","234268.0","9908496.0","1.395966914E9"
"2020/09/09","313.77","-3.61","-1.14","313.54","315.90","312.90","198502.0","1.0674554E7","1.384425415E9"
"2020/09/08","317.38","3.71","1.18","316.31","317.43","314.56","227269.0","1.0769881E7","1.400220417E9"
"2020/09/07","313.67","1.64","0.53","312.08","314.44","310.93","264670.0","1.0016267E7","1.386502793E9"
"2020/09/04","312.03","-4.40","-1.39","308.25","312.64","308.04","408030.0","1.2778957E7","1.379272821E9"
"2020/09/03","316.43","4.93","1.58","314.73","317.46","314.45","342179.0","1.1598303E7","1.398120029E9"
"2020/09/02","311.50","1.69","0.55","311.69","312.92","308.52","337045.0","9332305.0","1.379036788E9"
"2020/09/01","309.81","2.67","0.87","309.08","311.15","307.63","342809.0","1.0155546E7","1.37254404E9"
"2020/08/31","307.14","-5.10","-1.63","315.46","316.11","307.12","312176.0","1.3400344E7","1.360103387E9"
"2020/08/28","312.24","0.86","0.28","313.86","315.95","311.06","256411.0","9571560.0","1.380580188E9"
"2020/08/27","311.38","-2.81","-0.89","314.46","315.17","311.37","175568.0","9275818.0","1.375528342E9"
"2020/08/26","314.19","0.60","0.19","313.61","315.08","309.74","193545.0","8906934.0","1.389301812E9"
"2020/08/25","313.59","4.26","1.38","312.45","314.14","310.57","197815.0","8301527.0","1.388219951E9"
"2020/08/24","309.33","3.17","1.04","306.86","310.27","303.39","142210.0","7236120.0","1.368411268E9"
"2020/08/21","306.16","4.57","1.52","306.17","309.88","303.15","166304.0","8901227.0","1.354373287E9"
"2020/08/20","301.59","-11.95","-3.81","310.45","312.77","301.15","249735.0","1.179199E7","1.334736779E9"
"2020/08/19","313.54","0.70","0.22","315.96","316.82","313.18","159933.0","8587349.0","1.387104757E9"
"2020/08/18","312.84","-6.40","-2.00","319.57","321.69","311.20","247517.0","1.2672817E7","1.381445436E9"
"2020/08/14","319.24","-4.09","-1.26","321.59","322.66","316.28","260399.0","1.1874028E7","1.413434981E9"
"2020/08/13","323.33","0.65","0.20","325.84","326.22","319.66","285740.0","1.3665611E7","1.430995398E9"
"2020/08/12","322.68","1.66","0.52","320.31","322.68","317.30","293136.0","1.2806344E7","1.427244051E9"
"2020/08/11","321.02","4.25","1.34","317.63","322.64","317.56","297602.0","1.4272136E7","1.417727358E9"
"2020/08/10","316.77","4.20","1.34","312.75","317.84","312.08","261178.0","1.3609053E7","1.396982789E9"
"2020/08/07","312.57","1.25","0.40","311.99","314.11","310.00","299119.0","1.272682E7","1.377754872E9"
"2020/08/06","311.32","4.68","1.53","307.88","312.84","307.88","254206.0","1.2465041E7","1.370926021E9"
"2020/08/05","306.64","3.60","1.19","303.94","306.67","302.91","210808.0","1.2324476E7","1.351701803E9"
"2020/08/04","303.04","3.58","1.20","302.50","304.27","301.48","219866.0","9689069.0","1.331970336E9"
"2020/08/03","299.46","0.14","0.05","299.57","300.33","297.57","179728.0","9281198.0","1.315525933E9"
"2020/07/31","299.32","-2.53","-0.84","303.69","304.16","298.89","201966.0","8456631.0","1.314364008E9"
"2020/07/30","301.85","0.60","0.20","303.13","304.13","301.49","191759.0","8187025.0","1.324450535E9"
"2020/07/29","301.25","1.12","0.37","300.57","303.51","299.61","264445.0","9308692.0","1.322314182E9"
"2020/07/28","300.13","6.62","2.26","296.53","301.34","296.38","301281.0","1.0724797E7","1.317511659E9"
"2020/07/27","293.51","2.85","0.98","291.03","295.26","290.82","193246.0","8016462.0","1.291646467E9"
"2020/07/24","290.66","-1.71","-0.58","289.84","292.74","289.42","216210.0","9899343.0","1.279700634E9"
"2020/07/23","292.37","-1.67","-0.57","293.62","293.62","290.49","250982.0","1.1127156E7","1.288645707E9"
"2020/07/22","294.04","-1.12","-0.38","294.71","296.14","293.39","327318.0","1.0214873E7","1.296867512E9"
"2020/07/21","295.16","4.35","1.50","294.03","296.11","293.20","366995.0","1.1478895E7","1.298266646E9"
"2020/07/20","290.81","-0.76","-0.26","292.76","292.76","289.01","161819.0","8011401.0","1.279645827E9"
"2020/07/17","291.57","2.32","0.80","289.90","292.10","289.90","118644.0","6363759.0","1.282763642E9"
"2020/07/16","289.25","-3.02","-1.03","292.34","292.74","288.46","129449.0","6530538.0","1.273150449E9"
"2020/07/15","292.27","2.64","0.91","292.94","294.42","290.89","168346.0","8004488.0","1.285601568E9"
"2020/07/14","289.63","-0.21","-0.07","288.42","289.63","286.89","126302.0","6687496.0","1.27400688E9"
"2020/07/13","289.84","4.78","1.68","287.92","290.49","286.86","127052.0","6146078.0","1.274549478E9"
"2020/07/10","285.06","-2.19","-0.76","287.87","288.09","283.51","136770.0","7236832.0","1.2534362E9"
"2020/07/09","287.25","1.28","0.45","287.80","289.41","287.08","140609.0","7979410.0","1.26455801E9"
"2020/07/08","285.97","-0.80","-0.28","287.20","288.41","285.18","119448.0","6549540.0","1.258803038E9"
"2020/07/07","286.77","-3.85","-1.32","292.74","292.98","286.76","156134.0","8077164.0","1.262644615E9"
"2020/07/06","290.62","4.73","1.65","286.84","291.14","286.31","128118.0","6653211.0","1.278157126E9"
"2020/07/03","285.89","2.03","0.72","285.59","286.09","283.36","100221.0","5501339.0","1.260023627E9"
"2020/07/02","283.86","3.60","1.28","281.30","283.89","280.71","111370.0","6674486.0","1.252840215E9"
"2020/07/01","280.26","0.17","0.06","283.10","283.84","279.44","133802.0","6533217.0","1.236785142E9"
"2020/06/30","280.09","2.05","0.74","282.55","283.98","280.09","179501.0","8123314.0","1.236936096E9"
"2020/06/29","278.04","-5.34","-1.88","279.36","281.77","277.06","137759.0","6344589.0","1.228171386E9"
"2020/06/26","283.38","3.65","1.30","283.36","284.58","280.65","169015.0","6464987.0","1.252507153E9"
"2020/06/25","279.73","-6.97","-2.43","282.38","284.36","279.73","152979.0","6902139.0","1.237688654E9"
"2020/06/24","286.70","4.76","1.69","283.71","288.30","283.30","200575.0","9090255.0","1.267919132E9"
"2020/06/23","281.94","0.52","0.18","284.64","286.04","279.26","163675.0","8855403.0","1.248606977E9"
"2020/06/22","281.42","-1.95","-0.69","281.01","283.71","280.34","139844.0","6537834.0","1.245878018E9"
"2020/06/19","283.37","1.46","0.52","284.56","284.70","278.53","189129.0","7524815.0","1.254996315E9"
"2020/06/18","281.91","-1.11","-0.39","281.74","283.39","280.02","181587.0","7225991.0","1.250366207E9"
"2020/06/17","283.02","0.43","0.15","282.08","284.90","278.33","337225.0","1.1514655E7","1.256153389E9"
"2020/06/16","282.59","14.64","5.46","275.89","282.59","274.00","247894.0","9831669.0","1.254372907E9"
"2020/06/15","267.95","-13.83","-4.91","278.61","280.87","267.95","262445.0","1.2965653E7","1.190142488E9"